"product","RMSE","MAE"
"FOODS_3_090",26.8411674541874,20.3845679934284
"FOODS_3_586",24.0206717432062,20.4140840863266
"FOODS_3_555",21.1225806875333,17.9094727802255
"FOODS_3_120",20.9337267097924,17.9353493222106
"FOODS_3_804",19.1124039975272,13.8979538496005
"FOODS_3_252",17.4859723968529,14.8164065417071
"FOODS_3_444",16.5530149340118,14.7608511039819
"FOODS_3_635",13.7773131207527,13.7773131207527
"FOODS_3_808",13.6868792472556,13.6868792472556
"FOODS_3_070",13.3687981267025,6.69160104986877
"FOODS_3_377",12.8307966685251,10.4617093570308
"FOODS_3_541",12.2070047046524,12.2070047046524
"FOODS_3_202",12.1986017367841,9.02118960495855
"FOODS_3_376",11.5960987586688,10.8114031812411
"FOODS_3_234",11.2948180253899,8.14691943127962
"FOODS_3_150",10.5758198550029,9.32682398625943
"FOODS_3_811",10.3885010182955,7.12942375393737
"FOODS_3_455",10.0600452403941,8.07101355713363
"FOODS_3_723",10.0599098880239,8.14401463669629
"FOODS_3_008",9.64868386906095,6.0295652173913
"FOODS_3_702",9.52841910437455,7.68708460906579
"FOODS_3_319",9.45739675901725,9.45739675901725
"FOODS_3_800",9.35775778166465,8.3773429915615
"FOODS_3_587",9.34053790504723,7.54068030766933
"FOODS_3_785",9.17419957047735,7.25593682323949
"FOODS_3_117",8.93396572597156,7.45159062056605
"FOODS_3_681",8.91017417098502,7.2069300276305
"FOODS_3_660",8.9043703188808,8.07361287431857
"FOODS_3_694",8.8687203129383,7.13367186916586
"FOODS_3_547",8.69225657761857,7.34553058024046
"FOODS_3_462",8.6614516432388,8.22296691807931
"FOODS_3_451",8.43853866795695,6.05885339373584
"FOODS_3_030",8.33153670503495,7.07330235347025
"FOODS_3_714",8.06734969795469,6.64295048913449
"FOODS_3_313",7.73589326009077,6.2186569443384
"FOODS_3_809",7.55567285357951,5.58997463039104
"FOODS_3_136",7.53239693151819,4.88380255395415
"FOODS_3_362",7.51282752942458,6.50284908483941
"FOODS_3_370",7.41277833258458,6.21359801943884
"FOODS_3_109",7.38822022752993,6.95801284444776
"FOODS_3_333",7.17805743692703,5.79219096965211
"FOODS_3_607",7.01304841218529,6.01570137415844
"FOODS_3_498",6.96343799462771,4.68245256390152
"FOODS_3_801",6.95577874264362,5.17000527148129
"FOODS_3_752",6.93202110707148,5.30888437523509
"FOODS_3_064",6.89109328389194,4.25840918084685
"FOODS_3_474",6.68936198284651,6.4952751528627
"FOODS_3_654",6.43206587607214,4.63628229069406
"FOODS_3_652",6.37150523194287,3.9939480809046
"FOODS_3_086",6.29880871711667,4.7151071615264
"FOODS_3_282",6.18082168724109,4.59774248682524
"FOODS_3_580",6.12140655433369,5.20689268911956
"FOODS_3_389",6.11435988680719,4.73333333333333
"FOODS_3_263",6.10828962099367,5.10464117690986
"FOODS_3_154",6.00235961341346,5.61685086998731
"FOODS_3_711",5.93483410179839,5.25672002416188
"FOODS_3_007",5.7768498294672,4.98276827720111
"FOODS_3_772",5.52739278972,4.38841386005526
"FOODS_3_227",5.44390125643018,4.35714285714286
"FOODS_3_349",5.40069031805287,4.27335907335907
"FOODS_3_318",5.32892164262934,3.88070345754611
"FOODS_3_441",5.18626155878468,5.18626155878468
"FOODS_3_688",5.18539076624306,4.11996218758646
"FOODS_3_757",5.18172284737701,4.11037263833918
"FOODS_3_499",5.17592021852476,3.78775122216187
"FOODS_3_135",5.13114333742622,4.22815533980583
"FOODS_3_572",5.09422122586535,3.74843178254051
"FOODS_3_628",5.05820393408307,2.79161377044284
"FOODS_3_024",5.03944020356234,5.03944020356234
"FOODS_3_080",5.03144697912087,4.18555373011724
"FOODS_3_412",4.94395858450628,4.12065258040389
"FOODS_3_682",4.94165315899743,3.99329192546584
"FOODS_3_767",4.93047569262938,4.93047569262938
"FOODS_3_454",4.88218544162612,4.11883530482257
"FOODS_3_461",4.75278462133558,3.56513703233515
"FOODS_3_348",4.70781613310275,3.71428571428571
"FOODS_3_813",4.65580744913892,2.68313953488372
"FOODS_3_574",4.65551473560603,3.8190389067284
"FOODS_3_530",4.59215525891411,3.69393080823143
"FOODS_3_741",4.53473853650638,3.37772061733281
"FOODS_3_151",4.44803057610407,3.43798073332835
"FOODS_3_195",4.4079575596817,4.4079575596817
"FOODS_3_566",4.34232779011853,2.21769339706143
"FOODS_3_329",4.32575290536767,3.28901366056958
"FOODS_3_671",4.31575088922765,1.98825703830931
"FOODS_3_147",4.27980008161641,2.75986295681063
"FOODS_3_491",4.2619364537659,3.70627660368904
"FOODS_3_295",4.23661051050775,3.27329923082667
"FOODS_3_076",4.19371788548915,3.39127025614219
"FOODS_3_363",4.1669653447911,3.79839071017848
"FOODS_3_404",4.12023000522739,4.12023000522739
"FOODS_3_281",4.09377399260759,2.85421975715785
"FOODS_3_511",4.07816571343292,3.224350263292
"FOODS_3_816",4.07057769434357,3.77092811646952
"FOODS_3_764",4.06371503294314,3.71403405754551
"FOODS_3_501",3.94259030560468,3.29038159958181
"FOODS_3_782",3.92669650238863,3.04430214323053
"FOODS_3_524",3.88447464715107,3.88447464715107
"FOODS_3_557",3.88357873305933,3.18490316172819
"FOODS_3_570",3.86368091044945,3.35977859778598
"FOODS_3_399",3.8553493613681,3.29183215887252
"FOODS_3_516",3.83715797464562,2.80997517490409
"FOODS_3_458",3.82599042351491,3.17857142857143
"FOODS_3_226",3.82391433288089,3.20147860503323
"FOODS_3_324",3.82034103526898,2.6431931894556
"FOODS_3_185",3.71780069905336,2.71185273595299
"FOODS_3_406",3.71346904670474,2.75707564782316
"FOODS_3_744",3.6893352217377,2.86162347845568
"FOODS_3_756",3.64787588956091,2.89896198939586
"FOODS_3_228",3.62756222581662,3.04499290568292
"FOODS_3_237",3.58108980051902,3.28611077223374
"FOODS_3_787",3.56235222251249,2.56287466568293
"FOODS_3_525",3.5553812082585,3.00738038683407
"FOODS_3_133",3.48364150026226,2.57381823612874
"FOODS_3_526",3.47769417137029,3.03026286311702
"FOODS_3_321",3.4156097750306,2.8068882337175
"FOODS_3_099",3.40144858999057,2.70412981561985
"FOODS_3_446",3.36084761169122,3.19160256888955
"FOODS_3_015",3.35767516013905,1.88905370454891
"FOODS_3_807",3.33538601720002,2.50575013068479
"FOODS_3_739",3.30011063227958,2.91268146883006
"FOODS_3_672",3.23901439278445,2.71262415054888
"FOODS_3_077",3.23457973392418,2.8002205632847
"FOODS_3_368",3.21826390164155,2.49635949518333
"FOODS_3_449",3.19540678017556,2.16238518407886
"FOODS_3_540",3.19532767657082,2.56003861003861
"FOODS_3_503",3.17281127122554,2.345250679553
"FOODS_3_519",3.15861909719713,2.05093821915383
"FOODS_3_245",3.12419263008766,2.65821267176981
"FOODS_3_292",3.09684591265586,2.3414820473644
"FOODS_3_695",3.09113819132169,2.35714285714286
"FOODS_3_233",3.09000769617898,1.92857142857143
"FOODS_3_598",3.03925989182927,2.41711360312043
"FOODS_3_664",3.03188896814323,2.34792024494063
"FOODS_3_473",2.99989030676616,2.52974012396386
"FOODS_3_071",2.99266838063656,2.33298511360669
"FOODS_3_146",2.94570454474654,2.04710253155104
"FOODS_3_697",2.9268247428212,2.2697894107983
"FOODS_3_278",2.89209635526764,1.87794259916156
"FOODS_3_249",2.87004705930908,1.85004854006422
"FOODS_3_372",2.82419432390597,2.2417892403788
"FOODS_3_618",2.79497303578526,2.090819456617
"FOODS_3_477",2.79080345509476,2.28571428571429
"FOODS_3_435",2.78009957724091,1.65999551937869
"FOODS_3_124",2.76998904921975,2.36649615413337
"FOODS_3_783",2.7610526525175,2.14235521235521
"FOODS_3_306",2.73787339325418,2.16626901282434
"FOODS_3_657",2.70802511315829,2.5603732573827
"FOODS_3_578",2.69967401514227,2.12973265626167
"FOODS_3_134",2.66068883191284,2.31244138793373
"FOODS_3_178",2.65995284259636,2.10079531028303
"FOODS_3_101",2.63872563390517,2.07937432398702
"FOODS_3_238",2.63302098407513,1.805242326936
"FOODS_3_476",2.61054343543615,2
"FOODS_3_042",2.60804503046063,2.02124561272496
"FOODS_3_616",2.59947755270411,1.85947651407662
"FOODS_3_066",2.51632723034162,1.94409523809524
"FOODS_3_347",2.47214423071408,1.79779329400344
"FOODS_3_551",2.47023744346587,1.65103427675304
"FOODS_3_054",2.46840772910134,2.30513031140318
"FOODS_3_565",2.46110863708632,1.93559106862818
"FOODS_3_734",2.46073657610227,2.16682846688074
"FOODS_3_087",2.44485205836705,1.82857142857143
"FOODS_3_620",2.43395559635569,1.25386957624968
"FOODS_3_738",2.42582615023714,2.05399148681951
"FOODS_3_047",2.4246346460726,1.88500615763547
"FOODS_3_288",2.42280215737317,2.00745816153286
"FOODS_3_138",2.41731341305586,1.72120109190173
"FOODS_3_487",2.41617265229832,2.17228571428571
"FOODS_3_258",2.41591530191228,1.89285714285714
"FOODS_3_668",2.39883033831493,1.99938391456949
"FOODS_3_609",2.38468683744869,1.75188107430243
"FOODS_3_039",2.37313153216464,1.75836602815601
"FOODS_3_403",2.37179154758385,1.83137123337807
"FOODS_3_661",2.35574070054066,1.97690802348337
"FOODS_3_113",2.35404818774219,2.07926965872601
"FOODS_3_351",2.35327006677542,1.80475692629378
"FOODS_3_459",2.35024115530227,1.94756346118214
"FOODS_3_827",2.33707204528364,1.47025440313112
"FOODS_3_585",2.33211742692815,1.64659099395116
"FOODS_3_300",2.32954277445281,1.87364647897842
"FOODS_3_422",2.28211429483993,1.56896422970652
"FOODS_3_432",2.27872173500591,1.84696811291166
"FOODS_3_704",2.27777900097724,1.92328802927339
"FOODS_3_041",2.27737872598728,1.65335039553281
"FOODS_3_562",2.27073297057908,1.65508550519005
"FOODS_3_469",2.26524400560104,1.67857142857143
"FOODS_3_669",2.25575598796781,1.68539955190441
"FOODS_3_290",2.25390273325801,1.76781046971847
"FOODS_3_051",2.24888643927834,1.56015037593985
"FOODS_3_020",2.24585386551759,1.60740422671944
"FOODS_3_596",2.24221334363433,1.41664177432604
"FOODS_3_381",2.22037989986688,1.76099130227571
"FOODS_3_346",2.20361809813868,1.82973639011276
"FOODS_3_546",2.19573304086022,1.78590097826899
"FOODS_3_755",2.19243122651917,1.68008363826451
"FOODS_3_331",2.18921232682002,1.27120827421402
"FOODS_3_647",2.18403409732348,1.96571428571429
"FOODS_3_213",2.18343830683373,2.11940855798671
"FOODS_3_302",2.17651830959797,1.71011438892234
"FOODS_3_183",2.17215250737537,1.67081241442264
"FOODS_3_126",2.15896211081169,1.70119611825773
"FOODS_3_590",2.14043766367658,1.60395041445747
"FOODS_3_706",2.13654257281598,1.7146546635183
"FOODS_3_560",2.13496639352137,1.60219703747887
"FOODS_3_327",2.12637358256182,1.83431180691455
"FOODS_3_413",2.11417856341876,1.90662700723854
"FOODS_3_393",2.10943604854097,1.54913043478261
"FOODS_3_727",2.09338891510612,1.81974833843626
"FOODS_3_594",2.08625196027182,2.08625196027182
"FOODS_3_307",2.08532143684931,1.54021068859198
"FOODS_3_514",2.0802961387436,1.42560113154173
"FOODS_3_805",2.06742452158565,1.47253509954787
"FOODS_3_231",2.06522534532298,1.72263087148085
"FOODS_3_715",2.04411915886212,1.34118707856359
"FOODS_3_190",2.04409830474172,1.46946564885496
"FOODS_3_683",2.03759311794227,1.46428571428571
"FOODS_3_025",2.03730226323383,1.4213464267045
"FOODS_3_750",2.02906563872285,1.80433876468359
"FOODS_3_438",2.02854286363007,1.42857142857143
"FOODS_3_423",2.02524003289244,1.57240133407449
"FOODS_3_342",2.01831851552989,1.61759856093539
"FOODS_3_112",2.01236247721811,1.37040953662757
"FOODS_3_069",2.0071009688111,1.71546919141788
"FOODS_3_230",2.005237149552,1.65547755955493
"FOODS_3_259",1.99846618665557,1.67217951010191
"FOODS_3_495",1.99586542925444,1.58274214024345
"FOODS_3_106",1.99180753848962,1.45919677241885
"FOODS_3_029",1.98749643265431,1.49747965051154
"FOODS_3_291",1.98084607888146,1.35094325270044
"FOODS_3_698",1.97508999478003,1.58795712484237
"FOODS_3_791",1.97370989327287,1.41496012602146
"FOODS_3_448",1.97232981025213,1.36444253603166
"FOODS_3_187",1.95546257444306,1.31330744529908
"FOODS_3_729",1.95539272069303,1.46428571428571
"FOODS_3_152",1.95122621362505,1.54080248110099
"FOODS_3_523",1.95087982557269,1.51608618654073
"FOODS_3_072",1.93961794057487,1.33235391491475
"FOODS_3_332",1.93533910947206,1.60639708319523
"FOODS_3_232",1.9278229165726,1.00100813979539
"FOODS_3_826",1.91923899205644,1.35856111397628
"FOODS_3_561",1.91488313115865,1.60226463466743
"FOODS_3_820",1.9051726960311,1.56547307893361
"FOODS_3_589",1.89594286494195,1.50601926163724
"FOODS_3_172",1.89005250460036,1.52293719211823
"FOODS_3_634",1.88532330645067,1.37780972294825
"FOODS_3_205",1.86459242010434,1.64964329215243
"FOODS_3_679",1.8447051118944,1.48587168340579
"FOODS_3_382",1.84284178599637,1.55580357142857
"FOODS_3_496",1.83672908811301,1.4046523097156
"FOODS_3_166",1.83423892977418,1.30587301587302
"FOODS_3_675",1.82869934284449,1.48876251137398
"FOODS_3_568",1.82791274829466,1.35714285714286
"FOODS_3_769",1.82486492758071,1.54317193824014
"FOODS_3_789",1.82424456371054,1.57356349884104
"FOODS_3_814",1.81642395744067,1.3769889051346
"FOODS_3_636",1.81432842768124,1.59428992836072
"FOODS_3_176",1.81192407304637,1.2163485435928
"FOODS_3_407",1.81086322551814,1.66798596071989
"FOODS_3_468",1.80587690714656,1.59948846240012
"FOODS_3_296",1.80388823529667,1.13280166435506
"FOODS_3_243",1.80369484009193,1.19744604585169
"FOODS_3_239",1.78587667684552,1.13955268463894
"FOODS_3_431",1.7842354814426,1.25734254097679
"FOODS_3_822",1.77464586623659,1.48142409080726
"FOODS_3_475",1.76917153220108,1.60665745650063
"FOODS_3_665",1.75726438450792,1.15822784810127
"FOODS_3_651",1.75473225838256,0.984187140616832
"FOODS_3_169",1.75387718797605,1.28571428571429
"FOODS_3_753",1.75244574446418,1.52335523859308
"FOODS_3_655",1.7492016287936,1.51010006720932
"FOODS_3_060",1.74276688334768,1.41716019066879
"FOODS_3_219",1.73348784092952,1.32099917855276
"FOODS_3_605",1.72983188712321,1.24497797027855
"FOODS_3_504",1.72223832817367,1.21740347994922
"FOODS_3_277",1.7189660903121,1.49383928571429
"FOODS_3_132",1.71888018987056,1.51278843999701
"FOODS_3_121",1.70387964956496,1.42573512387127
"FOODS_3_174",1.70019386745017,1.25
"FOODS_3_778",1.69982999351708,0.636711137760456
"FOODS_3_645",1.68442602875115,1.3742812336644
"FOODS_3_478",1.67859718692402,1.20723047127179
"FOODS_3_760",1.67829433059234,1.29326364692218
"FOODS_3_021",1.6774942480437,1.29486765655261
"FOODS_3_200",1.66810089228966,1.08313419460832
"FOODS_3_006",1.6668148259244,1.12010975393875
"FOODS_3_108",1.66323660219278,1.24147183625926
"FOODS_3_700",1.66080448990236,1.21618997834366
"FOODS_3_118",1.65912771303508,1.411675752371
"FOODS_3_093",1.65014213185814,1.28967216787395
"FOODS_3_582",1.64963106685766,0.91764514024788
"FOODS_3_602",1.64825351623217,1.05371755903671
"FOODS_3_116",1.64412089367821,1.42179448883579
"FOODS_3_792",1.64170467469507,1.36110073930252
"FOODS_3_163",1.63993645745232,1.08972444178926
"FOODS_3_317",1.63554408353821,1.09920842356807
"FOODS_3_059",1.63510752762034,1.45945037711896
"FOODS_3_488",1.63192122290406,1.31539445628998
"FOODS_3_463",1.62299248967258,1.47880969279124
"FOODS_3_005",1.60378198943397,1.24094541109701
"FOODS_3_079",1.5958632838591,1.24824508998581
"FOODS_3_074",1.59253323096397,1.33977002874641
"FOODS_3_611",1.59161929914597,1.29801732506908
"FOODS_3_818",1.58968743340948,1.23038298710249
"FOODS_3_419",1.5892408819264,1.21464465183058
"FOODS_3_777",1.5855234978323,0.96271186440678
"FOODS_3_732",1.57263668026803,1.36875513404525
"FOODS_3_795",1.57050033650244,1.24655585504642
"FOODS_3_144",1.56768694197757,1.28786125009335
"FOODS_3_751",1.56087851366686,1.06694731124389
"FOODS_3_614",1.56037637219028,1.56037637219028
"FOODS_3_392",1.55995284784023,1.22629004555298
"FOODS_3_330",1.55845636359815,1.21605929355537
"FOODS_3_097",1.55036442482915,1.35714285714286
"FOODS_3_485",1.54521950408484,1.17931819879023
"FOODS_3_719",1.54442980255065,1.38369483919222
"FOODS_3_107",1.54207466372085,1.19231200059742
"FOODS_3_018",1.54088571534742,1.02408637873754
"FOODS_3_603",1.53027425179746,1.08642857142857
"FOODS_3_648",1.52559614428643,1.05823680823681
"FOODS_3_048",1.52557310771178,1.2491468385629
"FOODS_3_081",1.52362531643021,0.784370099320439
"FOODS_3_685",1.52088091228714,1.14920468971697
"FOODS_3_344",1.51375207414211,1.15330730362885
"FOODS_3_573",1.51012070316956,1.31284298105859
"FOODS_3_489",1.50374785021038,1.18480652851641
"FOODS_3_201",1.49282790313419,1.24329186029081
"FOODS_3_149",1.49068504034631,0.651349759942024
"FOODS_3_707",1.48335565592515,1.33808943796764
"FOODS_3_360",1.4822144083042,1.30076170562318
"FOODS_3_692",1.47991287310204,1.23891046225077
"FOODS_3_089",1.47427622977247,1.2016617701065
"FOODS_3_439",1.46769687268795,1.35503092472469
"FOODS_3_167",1.46578019669441,1.03571428571429
"FOODS_3_196",1.44714104295703,0.855518557622026
"FOODS_3_304",1.44712200368909,1.30275931595848
"FOODS_3_545",1.44621673933849,1.25142857142857
"FOODS_3_255",1.44308162865863,0.936624649859944
"FOODS_3_383",1.43907556373247,1.16219457352721
"FOODS_3_428",1.43796171256576,0.760807970021022
"FOODS_3_479",1.42900657053023,1.15224337638131
"FOODS_3_678",1.42686821693423,1.3223776512338
"FOODS_3_361",1.42623419933697,1.1760248447205
"FOODS_3_569",1.42404787564528,1.10803898140542
"FOODS_3_429",1.41963291748788,1.00712589073634
"FOODS_3_203",1.41324906250141,1.31814278246584
"FOODS_3_639",1.41025042102458,1.37696428571429
"FOODS_3_356",1.40904850225238,0.970539914868195
"FOODS_3_156",1.40680336706097,1.17666716451348
"FOODS_3_617",1.40515386405882,1.18974820143885
"FOODS_3_483",1.40411875523343,0.964285714285714
"FOODS_3_276",1.40407736539467,1.40407736539467
"FOODS_3_271",1.39989545216937,1.39989545216937
"FOODS_3_538",1.39597684490157,1.03850977113596
"FOODS_3_411",1.39594564771266,1.0171010380106
"FOODS_3_215",1.39439777458224,1.13271973713688
"FOODS_3_261",1.39323746697232,0.88830184452244
"FOODS_3_257",1.39011494815371,1.15594429094168
"FOODS_3_825",1.38987898681885,1.07062579344336
"FOODS_3_621",1.38432305365806,0.983888752756677
"FOODS_3_246",1.37801654871541,0.792248525128818
"FOODS_3_275",1.37640716115304,1.0842989571263
"FOODS_3_646",1.37428446829196,1.05520498842506
"FOODS_3_130",1.37294473427272,1.01850527445021
"FOODS_3_460",1.36901003034198,1.11395713538944
"FOODS_3_127",1.36870138337935,1.09349563139422
"FOODS_3_659",1.36371585531963,0.971912832929782
"FOODS_3_450",1.35767338723878,1.03799193488164
"FOODS_3_073",1.35294117647059,1.35294117647059
"FOODS_3_355",1.35158306487135,1.11793368680457
"FOODS_3_168",1.34219547726368,0.924336681157248
"FOODS_3_437",1.34127804507322,1.10714285714286
"FOODS_3_508",1.34051361818839,1.1431413414172
"FOODS_3_002",1.32967848660985,1.18673247318514
"FOODS_3_367",1.32108328805024,1.15616832200732
"FOODS_3_662",1.32003574508271,1.04247534202991
"FOODS_3_746",1.30961762348243,1.0692255992831
"FOODS_3_305",1.29465745499182,1.14302516615637
"FOODS_3_125",1.28901644750074,0.946397188049209
"FOODS_3_339",1.28815598927703,1.08389963408259
"FOODS_3_191",1.279305914125,0.929467552833993
"FOODS_3_100",1.27798377444072,1.17273485269594
"FOODS_3_405",1.27045262282396,1.01665297587932
"FOODS_3_236",1.26941858906561,1.03571428571429
"FOODS_3_265",1.26888157174153,1.07019640056755
"FOODS_3_513",1.26521881176873,1.03317526697035
"FOODS_3_299",1.26077969548709,1.17998281786942
"FOODS_3_322",1.26055186332978,1.04418384269131
"FOODS_3_650",1.26002142894133,0.9326306793904
"FOODS_3_433",1.25981456559802,1.00673932939512
"FOODS_3_537",1.25810018062016,1.05035419126328
"FOODS_3_604",1.25806652954372,0.952616322283336
"FOODS_3_552",1.25664396287068,1.02091503267974
"FOODS_3_716",1.25140641295931,0.942031961765365
"FOODS_3_520",1.25135460614417,1.08709207676798
"FOODS_3_083",1.24732904629878,0.841778059890972
"FOODS_3_224",1.24416265254033,1.01069748338436
"FOODS_3_674",1.24099134498518,1.14961541333732
"FOODS_3_131",1.23461858191973,1.01085780846992
"FOODS_3_515",1.23036890296963,1.0067264573991
"FOODS_3_114",1.22765261732267,0.948706643151088
"FOODS_3_765",1.22350835383548,0.957098050929729
"FOODS_3_250",1.22208731480766,0.977746654217242
"FOODS_3_122",1.21528785491103,1.01705237515225
"FOODS_3_653",1.21441127271783,0.926161262050832
"FOODS_3_717",1.21397197905706,0.882514375326712
"FOODS_3_502",1.21307897005256,1.03286978508217
"FOODS_3_663",1.21282199853808,0.851896796355761
"FOODS_3_037",1.20985814572524,0.896453546453546
"FOODS_3_058",1.20827078758418,0.943171608265948
"FOODS_3_812",1.20616145156581,0.892857142857143
"FOODS_3_747",1.20326095948852,1
"FOODS_3_153",1.19996248738151,0.887931034482759
"FOODS_3_308",1.19920945797389,0.963439795328877
"FOODS_3_285",1.19667682700187,1.05512666766602
"FOODS_3_148",1.19611350830786,1
"FOODS_3_418",1.19119124532932,1.06447534766119
"FOODS_3_559",1.18671483870526,0.857142857142857
"FOODS_3_534",1.17538148923251,0.860540661638414
"FOODS_3_371",1.17130340455888,0.883832335329341
"FOODS_3_157",1.1689838921051,0.859095084979329
"FOODS_3_584",1.16483184853083,1.01111111111111
"FOODS_3_115",1.16058178007491,0.939735643342543
"FOODS_3_708",1.15831084137811,0.857142857142857
"FOODS_3_184",1.15628846098137,0.868475095213203
"FOODS_3_497",1.15427209291507,0.935535060861773
"FOODS_3_415",1.15283364093259,0.889364898887355
"FOODS_3_731",1.15243812450452,0.90304468626997
"FOODS_3_627",1.15096186792323,0.723968950917359
"FOODS_3_373",1.15043024877344,0.667620310723759
"FOODS_3_143",1.15030646094585,0.833183587900569
"FOODS_3_241",1.14701667635281,0.98407285264578
"FOODS_3_094",1.14647769748265,0.944630872483222
"FOODS_3_768",1.14030025230839,0.971457646830781
"FOODS_3_140",1.13835250861784,0.875717991476746
"FOODS_3_336",1.12727002853804,0.818982898961989
"FOODS_3_390",1.12264445774804,0.896103896103896
"FOODS_3_032",1.12257296847879,0.842042186001917
"FOODS_3_084",1.1214577764074,1.01969292389853
"FOODS_3_416",1.11823334127312,0.857142857142857
"FOODS_3_096",1.11713439381649,0.820924501530879
"FOODS_3_181",1.11600450291286,0.815100957436724
"FOODS_3_599",1.10872894333844,1.10872894333844
"FOODS_3_505",1.10423415186822,0.986891206583102
"FOODS_3_085",1.10103566717553,0.842563726389143
"FOODS_3_063",1.09918465471517,1.00154954820402
"FOODS_3_129",1.09747834703864,0.912819120043455
"FOODS_3_532",1.09541720574139,0.931399909488611
"FOODS_3_026",1.09510349929701,0.854025091479352
"FOODS_3_217",1.09490026867355,0.776883727876932
"FOODS_3_320",1.09206457468981,0.663515632205109
"FOODS_3_482",1.09157255200489,0.815147625160462
"FOODS_3_009",1.09072182830779,0.814438230808338
"FOODS_3_206",1.08956593522215,0.841393316983446
"FOODS_3_819",1.07879630205133,0.953718915689642
"FOODS_3_013",1.07101027967994,0.887818293714901
"FOODS_3_624",1.07004742403231,0.891159113684445
"FOODS_3_533",1.06540931005712,0.890896871032783
"FOODS_3_335",1.06515540578181,0.958489154824233
"FOODS_3_593",1.06020091497422,0.870421505725656
"FOODS_3_207",1.05804224929093,0.923176013740572
"FOODS_3_211",1.05712758681704,0.851708074534162
"FOODS_3_034",1.05249116566325,0.958424908424908
"FOODS_3_606",1.04958760231487,0.854028804982483
"FOODS_3_301",1.04944381331954,0.717664849525801
"FOODS_3_369",1.04492279039376,0.800631020834889
"FOODS_3_684",1.04194958786706,0.845836568322981
"FOODS_3_571",1.04120103568391,0.77156257613904
"FOODS_3_781",1.03850931341042,0.936113807781346
"FOODS_3_749",1.0369470782338,0.824415652303786
"FOODS_3_797",1.02969568408275,0.845055786479982
"FOODS_3_016",1.02084279217059,0.703380588876772
"FOODS_3_170",1.01915874041026,0.769421006691882
"FOODS_3_666",1.01809917248195,0.76424464192368
"FOODS_3_240",1.01323515448613,0.686863302534944
"FOODS_3_055",1.01217723051947,0.732154817720792
"FOODS_3_267",1.00452368417605,0.878313792845941
"FOODS_3_253",1.00394001023636,0.884658385093168
"FOODS_3_788",1.00227019015979,0.760839799178457
"FOODS_3_726",1.00005234953984,0.857142857142857
"FOODS_3_776",0.997446046842135,0.810934966672672
"FOODS_3_248",0.994840062724004,0.828354865207976
"FOODS_3_192",0.992430148325452,0.815525383707202
"FOODS_3_608",0.989288938545584,0.726494751255135
"FOODS_3_733",0.986142465490245,0.861035072711719
"FOODS_3_010",0.9802699426257,0.787784202917598
"FOODS_3_303",0.980055194856965,0.74509211718514
"FOODS_3_480",0.977851975728486,0.785714285714286
"FOODS_3_529",0.977596351188338,0.804785020804438
"FOODS_3_592",0.977045084563019,0.821428571428571
"FOODS_3_067",0.976952957842632,0.766559629601971
"FOODS_3_709",0.975863780659188,0.554444774788167
"FOODS_3_718",0.974270973582984,0.364364859517214
"FOODS_3_786",0.971026465557697,0.836270629527294
"FOODS_3_398",0.970667536583859,0.720315883802554
"FOODS_3_397",0.968534614781118,0.389561618638872
"FOODS_3_014",0.967792643652566,0.85353969083713
"FOODS_3_642",0.967192972570105,0.74729970883817
"FOODS_3_703",0.965926261197076,0.799037749814952
"FOODS_3_023",0.964015057037901,0.78664774848779
"FOODS_3_591",0.963823573356572,0.898812635352102
"FOODS_3_631",0.963213888973768,0.63419460831902
"FOODS_3_673",0.960364685845731,0.841185410334346
"FOODS_3_011",0.958379135504771,0.75
"FOODS_3_414",0.955618705923608,0.618095238095238
"FOODS_3_761",0.954559732623112,0.822875226039783
"FOODS_3_035",0.951264177851945,0.78250317377343
"FOODS_3_417",0.949623985736309,0.678571428571428
"FOODS_3_490",0.949436391363448,0.706901019174296
"FOODS_3_139",0.948199530163674,0.776211634680009
"FOODS_3_334",0.947079385531169,0.825039494470774
"FOODS_3_821",0.944827588084945,0.785809186384917
"FOODS_3_595",0.944083129666598,0.722952477249747
"FOODS_3_794",0.943306995424185,0.721685291452733
"FOODS_3_759",0.938276766123481,0.707532861476239
"FOODS_3_610",0.934721171046251,0.800164289448137
"FOODS_3_588",0.932238650857825,0.74381728251382
"FOODS_3_730",0.928084754819706,0.778265252781719
"FOODS_3_208",0.926924649114075,0.757400257400257
"FOODS_3_638",0.923350559389348,0.735326218772738
"FOODS_3_725",0.920787816371282,0.714285714285714
"FOODS_3_310",0.920210530320259,0.778246942341293
"FOODS_3_365",0.919748420070246,0.594447763423195
"FOODS_3_388",0.91809763135526,0.557762676424464
"FOODS_3_773",0.916826686332281,0.706283343212804
"FOODS_3_049",0.908379161083719,0.656776556776557
"FOODS_3_780",0.908191274199738,0.703708791208791
"FOODS_3_430",0.900603346432198,0.590301212348456
"FOODS_3_803",0.900232295620909,0.696888931963559
"FOODS_3_204",0.898653051627858,0.574299223235394
"FOODS_3_274",0.897750611261766,0.791259054588903
"FOODS_3_098",0.895934497493923,0.780748263759241
"FOODS_3_442",0.889330782118142,0.585068477897784
"FOODS_3_102",0.889029795723989,0.740665372264954
"FOODS_3_104",0.888788468231344,0.709008189262966
"FOODS_3_225",0.888199095288399,0.759670674333508
"FOODS_3_656",0.887643636653541,0.659689310163244
"FOODS_3_774",0.885397341066614,0.735416163081138
"FOODS_3_110",0.882453592976189,0.618041936943732
"FOODS_3_212",0.881508328539915,0.779310731088044
"FOODS_3_353",0.87900057201478,0.795600285001781
"FOODS_3_395",0.872914675659535,0.718953028153237
"FOODS_3_528",0.870665629439311,0.629807333283549
"FOODS_3_269",0.869376482428273,0.653759988051677
"FOODS_3_103",0.86789714505378,0.756664924202823
"FOODS_3_743",0.86619696859209,0.741204124962087
"FOODS_3_539",0.864842460432845,0.48379508625196
"FOODS_3_262",0.864084161187813,0.630139889783807
"FOODS_3_742",0.863143284528754,0.709826113026533
"FOODS_3_434",0.86059038209302,0.731637099284158
"FOODS_3_696",0.858814975639341,0.438404159132007
"FOODS_3_012",0.858183466843487,0.731508147025388
"FOODS_3_283",0.853534755842239,0.744155844155844
"FOODS_3_492",0.849132750548233,0.6891382271675
"FOODS_3_687",0.845922099590967,0.762433724143081
"FOODS_3_575",0.845081105751655,0.714285714285714
"FOODS_3_340",0.844305038845307,0.65657638520092
"FOODS_3_643",0.842149824228021,0.714285714285714
"FOODS_3_229",0.835483907402612,0.697194173150141
"FOODS_3_198",0.833208985431554,0.651587301587302
"FOODS_3_770",0.832552947263048,0.810278469549468
"FOODS_3_510",0.830350869867617,0.526829553425298
"FOODS_3_677",0.830126275247129,0.69929430214323
"FOODS_3_003",0.827212495157928,0.714285714285714
"FOODS_3_001",0.826820927544466,0.545627660368905
"FOODS_3_722",0.817004621882883,0.628842676311031
"FOODS_3_019",0.816186111659453,0.597893385684083
"FOODS_3_311",0.814291578110281,0.608935105667986
"FOODS_3_424",0.812016131081778,0.669544120965922
"FOODS_3_128",0.804237370296131,0.726277919352421
"FOODS_3_119",0.803563492024299,0.714285714285714
"FOODS_3_535",0.799032646338472,0.693413486670152
"FOODS_3_065",0.798671585296165,0.723228709900762
"FOODS_3_447",0.795803914196603,0.615015974440895
"FOODS_3_579",0.793442333641388,0.685053710334609
"FOODS_3_354",0.793027079639341,0.667836498761354
"FOODS_3_544",0.788782322535751,0.632789229119504
"FOODS_3_701",0.788669666612426,0.631857686040196
"FOODS_3_784",0.788343064941151,0.481125382719737
"FOODS_3_254",0.787392723859766,0.638095238095238
"FOODS_3_293",0.787285767581648,0.494527194764162
"FOODS_3_615",0.784948744779074,0.669964901799716
"FOODS_3_053",0.784371072081972,0.660503751339764
"FOODS_3_031",0.782845134744038,0.567694720334553
"FOODS_3_105",0.779417122809616,0.700288428910757
"FOODS_3_426",0.778837971292782,0.583343262242345
"FOODS_3_409",0.778635624265427,0.622905027932961
"FOODS_3_689",0.77683043363896,0.685789276340457
"FOODS_3_297",0.775665314752008,0.559051665992176
"FOODS_3_735",0.77447993474245,0.626588713777326
"FOODS_3_091",0.77304691989111,0.642857142857143
"FOODS_3_159",0.770279363215865,0.639705185325623
"FOODS_3_754",0.766625672320976,0.579115110611174
"FOODS_3_667",0.75412975170209,0.568217459487716
"FOODS_3_028",0.753201685272971,0.60815469944536
"FOODS_3_577",0.750080907128737,0.714360391307595
"FOODS_3_326",0.74908301124529,0.724460458516914
"FOODS_3_385",0.748440344530912,0.642763796579792
"FOODS_3_564",0.743330173866474,0.630415230100435
"FOODS_3_531",0.741664030024926,0.642857142857143
"FOODS_3_337",0.741535354853426,0.552763819095477
"FOODS_3_641",0.741053584556903,0.582294832826748
"FOODS_3_470",0.740630781829814,0.711149279366739
"FOODS_3_622",0.739659435654252,0.545478306325144
"FOODS_3_583",0.738737450106962,0.573042542625393
"FOODS_3_553",0.735975860008398,0.63230008984726
"FOODS_3_724",0.734799683412924,0.517697284284962
"FOODS_3_387",0.734516108390183,0.641680979762527
"FOODS_3_420",0.733033899420299,0.664777646595828
"FOODS_3_401",0.732439381912838,0.635016055559704
"FOODS_3_092",0.729912969746202,0.718054909260121
"FOODS_3_033",0.729617513763114,0.630067861492953
"FOODS_3_378",0.729485967096962,0.615045709879943
"FOODS_3_182",0.727671033758987,0.682025240833396
"FOODS_3_691",0.724149788493192,0.488051948051948
"FOODS_3_632",0.723011347613736,0.636901650362184
"FOODS_3_464",0.718110490803086,0.595552703110843
"FOODS_3_548",0.716136212062211,0.489153162571877
"FOODS_3_270",0.716045832274679,0.451208409203774
"FOODS_3_222",0.711626745484281,0.571428571428571
"FOODS_3_186",0.702106603448297,0.571428571428571
"FOODS_3_050",0.701823077378846,0.646049585542529
"FOODS_3_629",0.697174292247837,0.590559866118972
"FOODS_3_194",0.69370671729358,0.635503648536824
"FOODS_3_189",0.689424013813665,0.628619925176666
"FOODS_3_044",0.688989953588534,0.596794548207976
"FOODS_3_467",0.688902032216401,0.596874766634307
"FOODS_3_218",0.687200274317453,0.582956325039151
"FOODS_3_400",0.687093860438081,0.624579941751923
"FOODS_3_644",0.685941644562334,0.685941644562334
"FOODS_3_527",0.685141536695538,0.505985634477255
"FOODS_3_690",0.684355575631566,0.488647114474929
"FOODS_3_748",0.684014081992319,0.594304388422035
"FOODS_3_325",0.682715249904585,0.468789997046372
"FOODS_3_352",0.680457874676673,0.564539616160108
"FOODS_3_456",0.680073645133605,0.602200141944642
"FOODS_3_027",0.678045121767223,0.573169695940207
"FOODS_3_272",0.676896387609187,0.529781839058463
"FOODS_3_268",0.674712274556111,0.582353239379499
"FOODS_3_341",0.674683270036677,0.636994996639534
"FOODS_3_379",0.668333206403185,0.361238761238761
"FOODS_3_824",0.665495226574264,0.446587260100067
"FOODS_3_384",0.66088500770541,0.590292918760072
"FOODS_3_199",0.660767716734267,0.617100517484711
"FOODS_3_075",0.656996212908578,0.491164171050857
"FOODS_3_137",0.65278133321614,0.523949579831933
"FOODS_3_061",0.650196768047902,0.511974264267842
"FOODS_3_273",0.649891309481036,0.571428571428571
"FOODS_3_242",0.645893732005203,0.600029870808752
"FOODS_3_155",0.642303680035858,0.624841311328504
"FOODS_3_762",0.640263397526237,0.534743484429841
"FOODS_3_600",0.636564026118025,0.55554852587625
"FOODS_3_640",0.634624651279779,0.557220708446866
"FOODS_3_721",0.630949723112649,0.623422447912777
"FOODS_3_802",0.630279903058398,0.453653508437047
"FOODS_3_806",0.629627247437328,0.524408505540581
"FOODS_3_111",0.627711425072858,0.576303518440017
"FOODS_3_443",0.627607696236484,0.493211334120425
"FOODS_3_486",0.62747185219257,0.493484429840938
"FOODS_3_141",0.626256704918952,0.570500189465707
"FOODS_3_221",0.625255877467626,0.534883720930233
"FOODS_3_576",0.625096619231257,0.567730990081782
"FOODS_3_045",0.624952943995072,0.568161451721305
"FOODS_3_287",0.624068906793327,0.562824587241299
"FOODS_3_522",0.623936644486612,0.318609513852588
"FOODS_3_366",0.622704439130701,0.551703526598924
"FOODS_3_481",0.620924902137927,0.51010006720932
"FOODS_3_705",0.620357740488894,0.554189776645181
"FOODS_3_793",0.61965088566507,0.557968038234635
"FOODS_3_209",0.618121261083948,0.523738872403561
"FOODS_3_188",0.616207310591972,0.413692031961765
"FOODS_3_465",0.613577620043865,0.544408634387648
"FOODS_3_312",0.613570088880035,0.467857142857143
"FOODS_3_427",0.61293046383268,0.534579112818722
"FOODS_3_536",0.61226995062734,0.489097154805466
"FOODS_3_581",0.610622672008488,0.518893286535733
"FOODS_3_425",0.610418530169785,0.515655577299413
"FOODS_3_316",0.610311939834268,0.512616459627329
"FOODS_3_068",0.608024480731393,0.362780972294825
"FOODS_3_123",0.607637313571309,0.363677096557389
"FOODS_3_810",0.605373579131649,0.519250075293645
"FOODS_3_358",0.603206856998831,0.374650512581547
"FOODS_3_471",0.601797778914164,0.519480519480519
"FOODS_3_223",0.601389856725951,0.468910585817061
"FOODS_3_280",0.600928689776376,0.488182361287432
"FOODS_3_286",0.596556457298602,0.563025210084034
"FOODS_3_676",0.59460115826493,0.495444015444015
"FOODS_3_350",0.591787216342047,0.416286416286416
"FOODS_3_815",0.59113143982773,0.420421860019175
"FOODS_3_790",0.590320628669108,0.497252747252747
"FOODS_3_082",0.58369892598304,0.582760809498917
"FOODS_3_410",0.581811246498757,0.55401667298219
"FOODS_3_436",0.581404250807597,0.467028571428571
"FOODS_3_056",0.581260620106009,0.553356732133522
"FOODS_3_158",0.579755039669466,0.551614906832298
"FOODS_3_567",0.576220710999256,0.384418639384661
"FOODS_3_712",0.570819626633228,0.523647129365912
"FOODS_3_386",0.566165792295192,0.527788717140888
"FOODS_3_357",0.565295766555324,0.477092823538197
"FOODS_3_391",0.561690118801026,0.528228875919817
"FOODS_3_173",0.560831247085981,0.391432953549518
"FOODS_3_494",0.560173864737422,0.444328280188186
"FOODS_3_509",0.55653427195038,0.544326241134752
"FOODS_3_078",0.552802116257817,0.418416615573268
"FOODS_3_484",0.548865762621548,0.479239787917258
"FOODS_3_445",0.547467166194108,0.509408751809375
"FOODS_3_095",0.5409168945127,0.482853353543009
"FOODS_3_612",0.540312475345296,0.438202247191011
"FOODS_3_247",0.538254180401161,0.453485987696514
"FOODS_3_197",0.537088056585095,0.4854778790949
"FOODS_3_421",0.536290019171344,0.373578745919171
"FOODS_3_771",0.535016982113039,0.492564602632862
"FOODS_3_766",0.53266920913581,0.482860163092721
"FOODS_3_323",0.530302910808673,0.466356918943126
"FOODS_3_289",0.529294016154321,0.462637362637363
"FOODS_3_506",0.528588816138038,0.474628481816145
"FOODS_3_649",0.5261499575005,0.410380952380952
"FOODS_3_043",0.525743297452454,0.443536477306291
"FOODS_3_142",0.524953029382821,0.424525474525475
"FOODS_3_710",0.522796490235099,0.469738552650585
"FOODS_3_214",0.514838728330076,0.514804719587783
"FOODS_3_164",0.512090003155294,0.359993293091885
"FOODS_3_040",0.510026633524029,0.412640421513073
"FOODS_3_521",0.508706461905913,0.364200171086399
"FOODS_3_633",0.5053671815382,0.271747805267358
"FOODS_3_294",0.503911237984734,0.503901874393249
"FOODS_3_036",0.503878106452287,0.368667917448405
"FOODS_3_088",0.503694287914806,0.27621632099244
"FOODS_3_823",0.501446566951125,0.416943521594684
"FOODS_3_177",0.501227667697563,0.420779220779221
"FOODS_3_160",0.497671460854545,0.437345978642372
"FOODS_3_518",0.494144773194252,0.309480282057979
"FOODS_3_298",0.490256076207841,0.367186916585767
"FOODS_3_558",0.482054906036213,0.391433068505471
"FOODS_3_375",0.472600979946431,0.357825295723385
"FOODS_3_345",0.47002282777293,0.343981032036442
"FOODS_3_472",0.469710423640372,0.270296643247463
"FOODS_3_244",0.467993407978235,0.284627492130115
"FOODS_3_364",0.46788868047851,0.32642089093702
"FOODS_3_046",0.466284381926451,0.375661375661376
"FOODS_3_549",0.466127044826299,0.461276332094176
"FOODS_3_680",0.456719675022429,0.350414431984398
"FOODS_3_264",0.451125980671568,0.450695322376738
"FOODS_3_279",0.450794501344472,0.331028761061947
"FOODS_3_165",0.448867350628392,0.1865854690011
"FOODS_3_314",0.445329646907129,0.435628407139123
"FOODS_3_374",0.442433130868222,0.289074751698902
"FOODS_3_670",0.441889289685436,0.225823314166231
"FOODS_3_062",0.439716223021405,0.413243812532912
"FOODS_3_309",0.433419622445519,0.384388412017167
"FOODS_3_017",0.431910064790241,0.259689343588978
"FOODS_3_145",0.431441601587897,0.317283996714211
"FOODS_3_658",0.428630588420302,0.407547662575085
"FOODS_3_796",0.424376176277747,0.398617511520737
"FOODS_3_251",0.423980382013566,0.397725204731574
"FOODS_3_452",0.416996966606796,0.411078336195953
"FOODS_3_179",0.41480794353154,0.40400363967243
"FOODS_3_500",0.414631720390532,0.370791628753412
"FOODS_3_453",0.413921639754972,0.305625790139064
"FOODS_3_175",0.413289969101538,0.251235521235521
"FOODS_3_563",0.411637931034483,0.411637931034483
"FOODS_3_779",0.411117347985014,0.322164644918149
"FOODS_3_720",0.410554333229073,0.344559585492228
"FOODS_3_220",0.409366361385452,0.180025662959795
"FOODS_3_260",0.408976972603522,0.187793060331354
"FOODS_3_315",0.407397772268229,0.403225806451613
"FOODS_3_235",0.397189338470399,0.361022364217252
"FOODS_3_737",0.391917583450723,0.239906832298137
"FOODS_3_597",0.390047194228812,0.249112892627152
"FOODS_3_162",0.386003280481137,0.386003280481137
"FOODS_3_180",0.385961512423887,0.262653736991485
"FOODS_3_004",0.383847464501384,0.276912181303116
"FOODS_3_817",0.383613462772402,0.357180195653797
"FOODS_3_554",0.383429737500404,0.281606572341397
"FOODS_3_626",0.383112276356361,0.287223340040241
"FOODS_3_507",0.38301388323652,0.290799031476998
"FOODS_3_359",0.383007590354934,0.291221628838451
"FOODS_3_394",0.375888217508745,0.342947749924494
"FOODS_3_440",0.374254933891627,0.370667522464698
"FOODS_3_493",0.364492187764075,0.317760617760618
"FOODS_3_543",0.363004890424472,0.340631442315034
"FOODS_3_161",0.361517548408745,0.309760286759764
"FOODS_3_338",0.355443223186234,0.3289423625642
"FOODS_3_216",0.352943696276811,0.277788261936214
"FOODS_3_763",0.352347422233013,0.274346343311861
"FOODS_3_402",0.352174187894691,0.3385460693153
"FOODS_3_343",0.35207514511258,0.217160779628108
"FOODS_3_775",0.352042324354562,0.27242177581958
"FOODS_3_798",0.351292609444335,0.22279525528623
"FOODS_3_328",0.350031408806644,0.238794783390796
"FOODS_3_613",0.347784998751489,0.33298969072165
"FOODS_3_038",0.344213951720122,0.310018755861207
"FOODS_3_466",0.336206896551724,0.336206896551724
"FOODS_3_556",0.334172061195196,0.29073631543574
"FOODS_3_396",0.329192958474164,0.279888551165147
"FOODS_3_266",0.328045565927852,0.277219974039856
"FOODS_3_517",0.327025666066671,0.274784482758621
"FOODS_3_630",0.324380043179124,0.268146516316929
"FOODS_3_623",0.321348129470795,0.259829619921363
"FOODS_3_637",0.315800511552626,0.289309683604986
"FOODS_3_550",0.315424770663084,0.288752531871798
"FOODS_3_457",0.314604036762586,0.236547337611167
"FOODS_3_193",0.313771770123266,0.232824284967515
"FOODS_3_693",0.31348982107179,0.151165825648164
"FOODS_3_057",0.285893695550859,0.23905164602839
"FOODS_3_380",0.270528882358096,0.203642632289012
"FOODS_3_601",0.269203654446195,0.19983948635634
"FOODS_3_686",0.259528915601544,0.160144873422448
"FOODS_3_713",0.258563392660645,0.152357979718421
"FOODS_3_619",0.258310639282616,0.149749908503111
"FOODS_3_408",0.257993975667676,0.119531190348935
"FOODS_3_256",0.257944438242334,0.120267343738332
"FOODS_3_284",0.24125,0.24125
"FOODS_3_210",0.212817263360058,0.165611396913336
"FOODS_3_625",0.212142717913212,0.164325286901464
"FOODS_3_512",0.203961062238626,0.147457627118644
"FOODS_3_799",0.192612557144078,0.116776192965425
"FOODS_3_171",0.185979490558787,0.0802348336594912
"FOODS_3_745",0.159726962457338,0.159726962457338
"FOODS_3_022",0.155046826222685,0.155046826222685
"FOODS_3_758",0.153207547169811,0.153207547169811
"FOODS_3_736",0.151594354417146,0.151594354417146
"FOODS_3_542",0.127435492364402,0.127435492364402
